"ID","Year","LocationAbbr","LocationDesc","Class","Topic","Indicator","Response","DataSource","Data_Value_Unit","Data_Value_Type","Data_Value","Data_Value_Footnote_Symbol","Data_Value_Footnote","Low_Confidence_Limit","High_Confidence_Limit","Sample_Size","Stratification","StratificationType","IndicatorId","LocationOrder","ParentStateDisplayOrder","FootnoteType","FootNoteSymbol","FootnoteText","URL","DatasourceAbbr","Agency"
"3649073","2019","US","All States, DC and Territories (median) **","Overweight and Obesity (BMI)","BMI Categories","Weight classification by Body Mass Index (BMI) (variable calculated from one or more BRFSS questions)","Obese (BMI 30.0 - 99.8)","BRFSS","%","Crude Prevalence","32.4","","","","","52","Overall","Overall","_BMI5CAT","1","1","","","","","",""
"3649074","2019","US","All States, DC and Territories (median) **","Overweight and Obesity (BMI)","BMI Categories","Weight classification by Body Mass Index (BMI) (variable calculated from one or more BRFSS questions)","Overweight (BMI 25.0-29.9)","BRFSS","%","Crude Prevalence","34.6","","","","","52","Overall","Overall","_BMI5CAT","1","1","","","","","",""
"3649075","2019","US","All States, DC and Territories (median) **","Overweight and Obesity (BMI)","BMI Categories","Weight classification by Body Mass Index (BMI) (variable calculated from one or more BRFSS questions)","Normal Weight (BMI 18.5-24.9)","BRFSS","%","Crude Prevalence","30.5","","","","","52","Overall","Overall","_BMI5CAT","1","1","","","","","",""
"3649076","2019","US","All States, DC and Territories (median) **","Overweight and Obesity (BMI)","BMI Categories","Weight classification by Body Mass Index (BMI) (variable calculated from one or more BRFSS questions)","Underweight (BMI 12.0-18.4)","BRFSS","%","Crude Prevalence","1.8","","","","","52","Overall","Overall","_BMI5CAT","1","1","","","","","",""
"3648902","2019","UW","All States and DC (median) **","Overweight and Obesity (BMI)","BMI Categories","Weight classification by Body Mass Index (BMI) (variable calculated from one or more BRFSS questions)","Obese (BMI 30.0 - 99.8)","BRFSS","%","Crude Prevalence","32.1","","","","","50","Overall","Overall","_BMI5CAT","2","2","","","","","",""
"3648903","2019","UW","All States and DC (median) **","Overweight and Obesity (BMI)","BMI Categories","Weight classification by Body Mass Index (BMI) (variable calculated from one or more BRFSS questions)","Overweight (BMI 25.0-29.9)","BRFSS","%","Crude Prevalence","34.6","","","","","50","Overall","Overall","_BMI5CAT","2","2","","","","","",""
"3648904","2019","UW","All States and DC (median) **","Overweight and Obesity (BMI)","BMI Categories","Weight classification by Body Mass Index (BMI) (variable calculated from one or more BRFSS questions)","Normal Weight (BMI 18.5-24.9)","BRFSS","%","Crude Prevalence","30.7","","","","","50","Overall","Overall","_BMI5CAT","2","2","","","","","",""
"3648905","2019","UW","All States and DC (median) **","Overweight and Obesity (BMI)","BMI Categories","Weight classification by Body Mass Index (BMI) (variable calculated from one or more BRFSS questions)","Underweight (BMI 12.0-18.4)","BRFSS","%","Crude Prevalence","1.8","","","","","50","Overall","Overall","_BMI5CAT","2","2","","","","","",""
"3429629","2019","AL","Alabama","Overweight and Obesity (BMI)","BMI Categories","Weight classification by Body Mass Index (BMI) (variable calculated from one or more BRFSS questions)","Obese (BMI 30.0 - 99.8)","BRFSS","%","Crude Prevalence","36.1","","","34.6","37.7","2338","Overall","Overall","_BMI5CAT","3","3","","","","","",""
"3429655","2019","AL","Alabama","Overweight and Obesity (BMI)","BMI Categories","Weight classification by Body Mass Index (BMI) (variable calculated from one or more BRFSS questions)","Overweight (BMI 25.0-29.9)","BRFSS","%","Crude Prevalence","34.2","","","32.7","35.7","2295","Overall","Overall","_BMI5CAT","3","3","","","","","",""
"3429681","2019","AL","Alabama","Overweight and Obesity (BMI)","BMI Categories","Weight classification by Body Mass Index (BMI) (variable calculated from one or more BRFSS questions)","Normal Weight (BMI 18.5-24.9)","BRFSS","%","Crude Prevalence","27.5","","","26.0","29.0","1758","Overall","Overall","_BMI5CAT","3","3","","","","","",""
"3429707","2019","AL","Alabama","Overweight and Obesity (BMI)","BMI Categories","Weight classification by Body Mass Index (BMI) (variable calculated from one or more BRFSS questions)","Underweight (BMI 12.0-18.4)","BRFSS","%","Crude Prevalence","2.2","","","1.7","2.7","130","Overall","Overall","_BMI5CAT","3","3","","","","","",""
"3433912","2019","AK","Alaska","Overweight and Obesity (BMI)","BMI Categories","Weight classification by Body Mass Index (BMI) (variable calculated from one or more BRFSS questions)","Obese (BMI 30.0 - 99.8)","BRFSS","%","Crude Prevalence","30.5","","","27.7","33.3","839","Overall","Overall","_BMI5CAT","4","4","","","","","",""
"3433938","2019","AK","Alaska","Overweight and Obesity (BMI)","BMI Categories","Weight classification by Body Mass Index (BMI) (variable calculated from one or more BRFSS questions)","Overweight (BMI 25.0-29.9)","BRFSS","%","Crude Prevalence","36.1","","","33.2","38.9","987","Overall","Overall","_BMI5CAT","4","4","","","","","",""
"3433964","2019","AK","Alaska","Overweight and Obesity (BMI)","BMI Categories","Weight classification by Body Mass Index (BMI) (variable calculated from one or more BRFSS questions)","Normal Weight (BMI 18.5-24.9)","BRFSS","%","Crude Prevalence","32.2","","","29.4","35.1","859","Overall","Overall","_BMI5CAT","4","4","","","","","",""
"3433990","2019","AK","Alaska","Overweight and Obesity (BMI)","BMI Categories","Weight classification by Body Mass Index (BMI) (variable calculated from one or more BRFSS questions)","Underweight (BMI 12.0-18.4)","BRFSS","%","Crude Prevalence","1.2","","","0.6","1.8","44","Overall","Overall","_BMI5CAT","4","4","","","","","",""
"3438195","2019","AZ","Arizona","Overweight and Obesity (BMI)","BMI Categories","Weight classification by Body Mass Index (BMI) (variable calculated from one or more BRFSS questions)","Obese (BMI 30.0 - 99.8)","BRFSS","%","Crude Prevalence","31.4","","","29.7","33.1","2451","Overall","Overall","_BMI5CAT","5","5","","","","","",""
"3438221","2019","AZ","Arizona","Overweight and Obesity (BMI)","BMI Categories","Weight classification by Body Mass Index (BMI) (variable calculated from one or more BRFSS questions)","Overweight (BMI 25.0-29.9)","BRFSS","%","Crude Prevalence","34.4","","","32.6","36.1","2940","Overall","Overall","_BMI5CAT","5","5","","","","","",""
"3438247","2019","AZ","Arizona","Overweight and Obesity (BMI)","BMI Categories","Weight classification by Body Mass Index (BMI) (variable calculated from one or more BRFSS questions)","Normal Weight (BMI 18.5-24.9)","BRFSS","%","Crude Prevalence","31.9","","","30.1","33.6","2626","Overall","Overall","_BMI5CAT","5","5","","","","","",""
"3438273","2019","AZ","Arizona","Overweight and Obesity (BMI)","BMI Categories","Weight classification by Body Mass Index (BMI) (variable calculated from one or more BRFSS questions)","Underweight (BMI 12.0-18.4)","BRFSS","%","Crude Prevalence","2.4","","","1.7","3.1","166","Overall","Overall","_BMI5CAT","5","5","","","","","",""
"3442478","2019","AR","Arkansas","Overweight and Obesity (BMI)","BMI Categories","Weight classification by Body Mass Index (BMI) (variable calculated from one or more BRFSS questions)","Obese (BMI 30.0 - 99.8)","BRFSS","%","Crude Prevalence","37.4","","","35.5","39.4","1728","Overall","Overall","_BMI5CAT","6","6","","","","","",""
"3442504","2019","AR","Arkansas","Overweight and Obesity (BMI)","BMI Categories","Weight classification by Body Mass Index (BMI) (variable calculated from one or more BRFSS questions)","Overweight (BMI 25.0-29.9)","BRFSS","%","Crude Prevalence","33.2","","","31.3","35.1","1693","Overall","Overall","_BMI5CAT","6","6","","","","","",""
"3442530","2019","AR","Arkansas","Overweight and Obesity (BMI)","BMI Categories","Weight classification by Body Mass Index (BMI) (variable calculated from one or more BRFSS questions)","Normal Weight (BMI 18.5-24.9)","BRFSS","%","Crude Prevalence","27.8","","","26.0","29.7","1423","Overall","Overall","_BMI5CAT","6","6","","","","","",""
"3442556","2019","AR","Arkansas","Overweight and Obesity (BMI)","BMI Categories","Weight classification by Body Mass Index (BMI) (variable calculated from one or more BRFSS questions)","Underweight (BMI 12.0-18.4)","BRFSS","%","Crude Prevalence","1.6","","","1.0","2.1","78","Overall","Overall","_BMI5CAT","6","6","","","","","",""
"3446761","2019","CA","California","Overweight and Obesity (BMI)","BMI Categories","Weight classification by Body Mass Index (BMI) (variable calculated from one or more BRFSS questions)","Obese (BMI 30.0 - 99.8)","BRFSS","%","Crude Prevalence","26.2","","","25.1","27.2","2844","Overall","Overall","_BMI5CAT","7","7","","","","","",""
"3446787","2019","CA","California","Overweight and Obesity (BMI)","BMI Categories","Weight classification by Body Mass Index (BMI) (variable calculated from one or more BRFSS questions)","Overweight (BMI 25.0-29.9)","BRFSS","%","Crude Prevalence","36.7","","","35.5","37.9","3919","Overall","Overall","_BMI5CAT","7","7","","","","","",""
"3446813","2019","CA","California","Overweight and Obesity (BMI)","BMI Categories","Weight classification by Body Mass Index (BMI) (variable calculated from one or more BRFSS questions)","Normal Weight (BMI 18.5-24.9)","BRFSS","%","Crude Prevalence","35.1","","","33.9","36.3","3601","Overall","Overall","_BMI5CAT","7","7","","","","","",""
"3446839","2019","CA","California","Overweight and Obesity (BMI)","BMI Categories","Weight classification by Body Mass Index (BMI) (variable calculated from one or more BRFSS questions)","Underweight (BMI 12.0-18.4)","BRFSS","%","Crude Prevalence","2.1","","","1.7","2.5","182","Overall","Overall","_BMI5CAT","7","7","","","","","",""
"3451044","2019","CO","Colorado","Overweight and Obesity (BMI)","BMI Categories","Weight classification by Body Mass Index (BMI) (variable calculated from one or more BRFSS questions)","Obese (BMI 30.0 - 99.8)","BRFSS","%","Crude Prevalence","23.8","","","22.7","24.9","2077","Overall","Overall","_BMI5CAT","8","8","","","","","",""
"3451070","2019","CO","Colorado","Overweight and Obesity (BMI)","BMI Categories","Weight classification by Body Mass Index (BMI) (variable calculated from one or more BRFSS questions)","Overweight (BMI 25.0-29.9)","BRFSS","%","Crude Prevalence","35.3","","","34.1","36.5","3150","Overall","Overall","_BMI5CAT","8","8","","","","","",""
"3451096","2019","CO","Colorado","Overweight and Obesity (BMI)","BMI Categories","Weight classification by Body Mass Index (BMI) (variable calculated from one or more BRFSS questions)","Normal Weight (BMI 18.5-24.9)","BRFSS","%","Crude Prevalence","38.9","","","37.6","40.2","3251","Overall","Overall","_BMI5CAT","8","8","","","","","",""
"3451122","2019","CO","Colorado","Overweight and Obesity (BMI)","BMI Categories","Weight classification by Body Mass Index (BMI) (variable calculated from one or more BRFSS questions)","Underweight (BMI 12.0-18.4)","BRFSS","%","Crude Prevalence","2.0","","","1.6","2.4","166","Overall","Overall","_BMI5CAT","8","8","","","","","",""
"3455327","2019","CT","Connecticut","Overweight and Obesity (BMI)","BMI Categories","Weight classification by Body Mass Index (BMI) (variable calculated from one or more BRFSS questions)","Obese (BMI 30.0 - 99.8)","BRFSS","%","Crude Prevalence","29.1","","","27.7","30.5","2312","Overall","Overall","_BMI5CAT","9","9","","","","","",""
"3455353","2019","CT","Connecticut","Overweight and Obesity (BMI)","BMI Categories","Weight classification by Body Mass Index (BMI) (variable calculated from one or more BRFSS questions)","Overweight (BMI 25.0-29.9)","BRFSS","%","Crude Prevalence","36.6","","","35.1","38.0","3132","Overall","Overall","_BMI5CAT","9","9","","","","","",""
"3455379","2019","CT","Connecticut","Overweight and Obesity (BMI)","BMI Categories","Weight classification by Body Mass Index (BMI) (variable calculated from one or more BRFSS questions)","Normal Weight (BMI 18.5-24.9)","BRFSS","%","Crude Prevalence","32.7","","","31.2","34.1","2674","Overall","Overall","_BMI5CAT","9","9","","","","","",""
"3455405","2019","CT","Connecticut","Overweight and Obesity (BMI)","BMI Categories","Weight classification by Body Mass Index (BMI) (variable calculated from one or more BRFSS questions)","Underweight (BMI 12.0-18.4)","BRFSS","%","Crude Prevalence","1.6","","","1.3","2.0","141","Overall","Overall","_BMI5CAT","9","9","","","","","",""
"3459610","2019","DE","Delaware","Overweight and Obesity (BMI)","BMI Categories","Weight classification by Body Mass Index (BMI) (variable calculated from one or more BRFSS questions)","Obese (BMI 30.0 - 99.8)","BRFSS","%","Crude Prevalence","34.4","","","32.1","36.6","1200","Overall","Overall","_BMI5CAT","10","10","","","","","",""
"3459636","2019","DE","Delaware","Overweight and Obesity (BMI)","BMI Categories","Weight classification by Body Mass Index (BMI) (variable calculated from one or more BRFSS questions)","Overweight (BMI 25.0-29.9)","BRFSS","%","Crude Prevalence","34.5","","","32.3","36.8","1204","Overall","Overall","_BMI5CAT","10","10","","","","","",""
"3459662","2019","DE","Delaware","Overweight and Obesity (BMI)","BMI Categories","Weight classification by Body Mass Index (BMI) (variable calculated from one or more BRFSS questions)","Normal Weight (BMI 18.5-24.9)","BRFSS","%","Crude Prevalence","29.4","","","27.2","31.6","939","Overall","Overall","_BMI5CAT","10","10","","","","","",""
"3459688","2019","DE","Delaware","Overweight and Obesity (BMI)","BMI Categories","Weight classification by Body Mass Index (BMI) (variable calculated from one or more BRFSS questions)","Underweight (BMI 12.0-18.4)","BRFSS","%","Crude Prevalence","1.7","","","1.1","2.3","58","Overall","Overall","_BMI5CAT","10","10","","","","","",""
"3463893","2019","DC","District of Columbia","Overweight and Obesity (BMI)","BMI Categories","Weight classification by Body Mass Index (BMI) (variable calculated from one or more BRFSS questions)","Obese (BMI 30.0 - 99.8)","BRFSS","%","Crude Prevalence","23.8","","","21.7","25.9","646","Overall","Overall","_BMI5CAT","11","11","","","","","",""
"3463919","2019","DC","District of Columbia","Overweight and Obesity (BMI)","BMI Categories","Weight classification by Body Mass Index (BMI) (variable calculated from one or more BRFSS questions)","Overweight (BMI 25.0-29.9)","BRFSS","%","Crude Prevalence","32.1","","","29.7","34.5","804","Overall","Overall","_BMI5CAT","11","11","","","","","",""
"3463945","2019","DC","District of Columbia","Overweight and Obesity (BMI)","BMI Categories","Weight classification by Body Mass Index (BMI) (variable calculated from one or more BRFSS questions)","Normal Weight (BMI 18.5-24.9)","BRFSS","%","Crude Prevalence","42.4","","","39.8","45.0","886","Overall","Overall","_BMI5CAT","11","11","","","","","",""
"3463971","2019","DC","District of Columbia","Overweight and Obesity (BMI)","BMI Categories","Weight classification by Body Mass Index (BMI) (variable calculated from one or more BRFSS questions)","Underweight (BMI 12.0-18.4)","BRFSS","%","Crude Prevalence","1.7","","","1.0","2.5","31","Overall","Overall","_BMI5CAT","11","11","","","","","",""
"3468176","2019","FL","Florida","Overweight and Obesity (BMI)","BMI Categories","Weight classification by Body Mass Index (BMI) (variable calculated from one or more BRFSS questions)","Obese (BMI 30.0 - 99.8)","BRFSS","%","Crude Prevalence","27.0","","","25.6","28.5","4650","Overall","Overall","_BMI5CAT","12","12","","","","","",""
"3468202","2019","FL","Florida","Overweight and Obesity (BMI)","BMI Categories","Weight classification by Body Mass Index (BMI) (variable calculated from one or more BRFSS questions)","Overweight (BMI 25.0-29.9)","BRFSS","%","Crude Prevalence","37.6","","","35.9","39.3","5424","Overall","Overall","_BMI5CAT","12","12","","","","","",""
"3468228","2019","FL","Florida","Overweight and Obesity (BMI)","BMI Categories","Weight classification by Body Mass Index (BMI) (variable calculated from one or more BRFSS questions)","Normal Weight (BMI 18.5-24.9)","BRFSS","%","Crude Prevalence","32.8","","","31.2","34.5","4676","Overall","Overall","_BMI5CAT","12","12","","","","","",""
"3468254","2019","FL","Florida","Overweight and Obesity (BMI)","BMI Categories","Weight classification by Body Mass Index (BMI) (variable calculated from one or more BRFSS questions)","Underweight (BMI 12.0-18.4)","BRFSS","%","Crude Prevalence","2.6","","","2.0","3.2","341","Overall","Overall","_BMI5CAT","12","12","","","","","",""
"3472459","2019","GA","Georgia","Overweight and Obesity (BMI)","BMI Categories","Weight classification by Body Mass Index (BMI) (variable calculated from one or more BRFSS questions)","Obese (BMI 30.0 - 99.8)","BRFSS","%","Crude Prevalence","33.1","","","31.2","35.0","2175","Overall","Overall","_BMI5CAT","13","13","","","","","",""
"3472485","2019","GA","Georgia","Overweight and Obesity (BMI)","BMI Categories","Weight classification by Body Mass Index (BMI) (variable calculated from one or more BRFSS questions)","Overweight (BMI 25.0-29.9)","BRFSS","%","Crude Prevalence","33.9","","","32.0","35.8","2225","Overall","Overall","_BMI5CAT","13","13","","","","","",""
"3472511","2019","GA","Georgia","Overweight and Obesity (BMI)","BMI Categories","Weight classification by Body Mass Index (BMI) (variable calculated from one or more BRFSS questions)","Normal Weight (BMI 18.5-24.9)","BRFSS","%","Crude Prevalence","30.6","","","28.8","32.5","1934","Overall","Overall","_BMI5CAT","13","13","","","","","",""
"3472537","2019","GA","Georgia","Overweight and Obesity (BMI)","BMI Categories","Weight classification by Body Mass Index (BMI) (variable calculated from one or more BRFSS questions)","Underweight (BMI 12.0-18.4)","BRFSS","%","Crude Prevalence","2.4","","","1.7","3.1","136","Overall","Overall","_BMI5CAT","13","13","","","","","",""
"3476742","2019","HI","Hawaii","Overweight and Obesity (BMI)","BMI Categories","Weight classification by Body Mass Index (BMI) (variable calculated from one or more BRFSS questions)","Obese (BMI 30.0 - 99.8)","BRFSS","%","Crude Prevalence","25.0","","","23.7","26.3","1823","Overall","Overall","_BMI5CAT","14","14","","","","","",""
"3476768","2019","HI","Hawaii","Overweight and Obesity (BMI)","BMI Categories","Weight classification by Body Mass Index (BMI) (variable calculated from one or more BRFSS questions)","Overweight (BMI 25.0-29.9)","BRFSS","%","Crude Prevalence","33.2","","","31.7","34.7","2411","Overall","Overall","_BMI5CAT","14","14","","","","","",""
"3476794","2019","HI","Hawaii","Overweight and Obesity (BMI)","BMI Categories","Weight classification by Body Mass Index (BMI) (variable calculated from one or more BRFSS questions)","Normal Weight (BMI 18.5-24.9)","BRFSS","%","Crude Prevalence","38.7","","","37.3","40.2","2892","Overall","Overall","_BMI5CAT","14","14","","","","","",""
"3476820","2019","HI","Hawaii","Overweight and Obesity (BMI)","BMI Categories","Weight classification by Body Mass Index (BMI) (variable calculated from one or more BRFSS questions)","Underweight (BMI 12.0-18.4)","BRFSS","%","Crude Prevalence","3.1","","","2.6","3.6","215","Overall","Overall","_BMI5CAT","14","14","","","","","",""
"3481025","2019","ID","Idaho","Overweight and Obesity (BMI)","BMI Categories","Weight classification by Body Mass Index (BMI) (variable calculated from one or more BRFSS questions)","Obese (BMI 30.0 - 99.8)","BRFSS","%","Crude Prevalence","29.5","","","27.5","31.4","1514","Overall","Overall","_BMI5CAT","15","15","","","","","",""
"3481051","2019","ID","Idaho","Overweight and Obesity (BMI)","BMI Categories","Weight classification by Body Mass Index (BMI) (variable calculated from one or more BRFSS questions)","Overweight (BMI 25.0-29.9)","BRFSS","%","Crude Prevalence","34.8","","","32.7","36.9","1715","Overall","Overall","_BMI5CAT","15","15","","","","","",""
"3481077","2019","ID","Idaho","Overweight and Obesity (BMI)","BMI Categories","Weight classification by Body Mass Index (BMI) (variable calculated from one or more BRFSS questions)","Normal Weight (BMI 18.5-24.9)","BRFSS","%","Crude Prevalence","34.0","","","31.9","36.2","1608","Overall","Overall","_BMI5CAT","15","15","","","","","",""
"3481103","2019","ID","Idaho","Overweight and Obesity (BMI)","BMI Categories","Weight classification by Body Mass Index (BMI) (variable calculated from one or more BRFSS questions)","Underweight (BMI 12.0-18.4)","BRFSS","%","Crude Prevalence","1.7","","","1.1","2.4","88","Overall","Overall","_BMI5CAT","15","15","","","","","",""
"3485308","2019","IL","Illinois","Overweight and Obesity (BMI)","BMI Categories","Weight classification by Body Mass Index (BMI) (variable calculated from one or more BRFSS questions)","Obese (BMI 30.0 - 99.8)","BRFSS","%","Crude Prevalence","31.6","","","30.1","33.1","1634","Overall","Overall","_BMI5CAT","16","16","","","","","",""
"3485334","2019","IL","Illinois","Overweight and Obesity (BMI)","BMI Categories","Weight classification by Body Mass Index (BMI) (variable calculated from one or more BRFSS questions)","Overweight (BMI 25.0-29.9)","BRFSS","%","Crude Prevalence","34.1","","","32.6","35.6","1810","Overall","Overall","_BMI5CAT","16","16","","","","","",""
"3485360","2019","IL","Illinois","Overweight and Obesity (BMI)","BMI Categories","Weight classification by Body Mass Index (BMI) (variable calculated from one or more BRFSS questions)","Normal Weight (BMI 18.5-24.9)","BRFSS","%","Crude Prevalence","32.6","","","31.1","34.2","1660","Overall","Overall","_BMI5CAT","16","16","","","","","",""
"3485386","2019","IL","Illinois","Overweight and Obesity (BMI)","BMI Categories","Weight classification by Body Mass Index (BMI) (variable calculated from one or more BRFSS questions)","Underweight (BMI 12.0-18.4)","BRFSS","%","Crude Prevalence","1.7","","","1.3","2.1","84","Overall","Overall","_BMI5CAT","16","16","","","","","",""
"3489591","2019","IN","Indiana","Overweight and Obesity (BMI)","BMI Categories","Weight classification by Body Mass Index (BMI) (variable calculated from one or more BRFSS questions)","Obese (BMI 30.0 - 99.8)","BRFSS","%","Crude Prevalence","35.3","","","34.0","36.7","2786","Overall","Overall","_BMI5CAT","17","17","","","","","",""
"3489617","2019","IN","Indiana","Overweight and Obesity (BMI)","BMI Categories","Weight classification by Body Mass Index (BMI) (variable calculated from one or more BRFSS questions)","Overweight (BMI 25.0-29.9)","BRFSS","%","Crude Prevalence","33.8","","","32.5","35.1","2838","Overall","Overall","_BMI5CAT","17","17","","","","","",""
"3489643","2019","IN","Indiana","Overweight and Obesity (BMI)","BMI Categories","Weight classification by Body Mass Index (BMI) (variable calculated from one or more BRFSS questions)","Normal Weight (BMI 18.5-24.9)","BRFSS","%","Crude Prevalence","28.8","","","27.5","30.1","2233","Overall","Overall","_BMI5CAT","17","17","","","","","",""
"3489669","2019","IN","Indiana","Overweight and Obesity (BMI)","BMI Categories","Weight classification by Body Mass Index (BMI) (variable calculated from one or more BRFSS questions)","Underweight (BMI 12.0-18.4)","BRFSS","%","Crude Prevalence","2.1","","","1.7","2.5","160","Overall","Overall","_BMI5CAT","17","17","","","","","",""
"3493874","2019","IA","Iowa","Overweight and Obesity (BMI)","BMI Categories","Weight classification by Body Mass Index (BMI) (variable calculated from one or more BRFSS questions)","Obese (BMI 30.0 - 99.8)","BRFSS","%","Crude Prevalence","33.9","","","32.8","35.1","3146","Overall","Overall","_BMI5CAT","18","18","","","","","",""
"3493900","2019","IA","Iowa","Overweight and Obesity (BMI)","BMI Categories","Weight classification by Body Mass Index (BMI) (variable calculated from one or more BRFSS questions)","Overweight (BMI 25.0-29.9)","BRFSS","%","Crude Prevalence","34.4","","","33.2","35.5","3128","Overall","Overall","_BMI5CAT","18","18","","","","","",""
"3493926","2019","IA","Iowa","Overweight and Obesity (BMI)","BMI Categories","Weight classification by Body Mass Index (BMI) (variable calculated from one or more BRFSS questions)","Normal Weight (BMI 18.5-24.9)","BRFSS","%","Crude Prevalence","30.1","","","29.0","31.3","2528","Overall","Overall","_BMI5CAT","18","18","","","","","",""
"3493952","2019","IA","Iowa","Overweight and Obesity (BMI)","BMI Categories","Weight classification by Body Mass Index (BMI) (variable calculated from one or more BRFSS questions)","Underweight (BMI 12.0-18.4)","BRFSS","%","Crude Prevalence","1.6","","","1.3","1.9","136","Overall","Overall","_BMI5CAT","18","18","","","","","",""
"3498157","2019","KS","Kansas","Overweight and Obesity (BMI)","BMI Categories","Weight classification by Body Mass Index (BMI) (variable calculated from one or more BRFSS questions)","Obese (BMI 30.0 - 99.8)","BRFSS","%","Crude Prevalence","35.2","","","34.0","36.4","3619","Overall","Overall","_BMI5CAT","19","19","","","","","",""
"3498183","2019","KS","Kansas","Overweight and Obesity (BMI)","BMI Categories","Weight classification by Body Mass Index (BMI) (variable calculated from one or more BRFSS questions)","Overweight (BMI 25.0-29.9)","BRFSS","%","Crude Prevalence","34.7","","","33.6","35.9","3630","Overall","Overall","_BMI5CAT","19","19","","","","","",""
"3498209","2019","KS","Kansas","Overweight and Obesity (BMI)","BMI Categories","Weight classification by Body Mass Index (BMI) (variable calculated from one or more BRFSS questions)","Normal Weight (BMI 18.5-24.9)","BRFSS","%","Crude Prevalence","28.1","","","27.0","29.2","2870","Overall","Overall","_BMI5CAT","19","19","","","","","",""
"3498235","2019","KS","Kansas","Overweight and Obesity (BMI)","BMI Categories","Weight classification by Body Mass Index (BMI) (variable calculated from one or more BRFSS questions)","Underweight (BMI 12.0-18.4)","BRFSS","%","Crude Prevalence","1.9","","","1.6","2.3","175","Overall","Overall","_BMI5CAT","19","19","","","","","",""
"3502440","2019","KY","Kentucky","Overweight and Obesity (BMI)","BMI Categories","Weight classification by Body Mass Index (BMI) (variable calculated from one or more BRFSS questions)","Obese (BMI 30.0 - 99.8)","BRFSS","%","Crude Prevalence","36.5","","","34.7","38.2","2813","Overall","Overall","_BMI5CAT","20","20","","","","","",""
"3502466","2019","KY","Kentucky","Overweight and Obesity (BMI)","BMI Categories","Weight classification by Body Mass Index (BMI) (variable calculated from one or more BRFSS questions)","Overweight (BMI 25.0-29.9)","BRFSS","%","Crude Prevalence","35.4","","","33.6","37.1","2706","Overall","Overall","_BMI5CAT","20","20","","","","","",""
"3502492","2019","KY","Kentucky","Overweight and Obesity (BMI)","BMI Categories","Weight classification by Body Mass Index (BMI) (variable calculated from one or more BRFSS questions)","Normal Weight (BMI 18.5-24.9)","BRFSS","%","Crude Prevalence","26.4","","","24.7","28.0","1840","Overall","Overall","_BMI5CAT","20","20","","","","","",""
"3502518","2019","KY","Kentucky","Overweight and Obesity (BMI)","BMI Categories","Weight classification by Body Mass Index (BMI) (variable calculated from one or more BRFSS questions)","Underweight (BMI 12.0-18.4)","BRFSS","%","Crude Prevalence","1.8","","","1.3","2.4","109","Overall","Overall","_BMI5CAT","20","20","","","","","",""
"3506723","2019","LA","Louisiana","Overweight and Obesity (BMI)","BMI Categories","Weight classification by Body Mass Index (BMI) (variable calculated from one or more BRFSS questions)","Obese (BMI 30.0 - 99.8)","BRFSS","%","Crude Prevalence","35.9","","","34.1","37.7","1590","Overall","Overall","_BMI5CAT","21","21","","","","","",""
"3506749","2019","LA","Louisiana","Overweight and Obesity (BMI)","BMI Categories","Weight classification by Body Mass Index (BMI) (variable calculated from one or more BRFSS questions)","Overweight (BMI 25.0-29.9)","BRFSS","%","Crude Prevalence","35.0","","","33.2","36.8","1488","Overall","Overall","_BMI5CAT","21","21","","","","","",""
"3506775","2019","LA","Louisiana","Overweight and Obesity (BMI)","BMI Categories","Weight classification by Body Mass Index (BMI) (variable calculated from one or more BRFSS questions)","Normal Weight (BMI 18.5-24.9)","BRFSS","%","Crude Prevalence","27.2","","","25.5","28.8","1149","Overall","Overall","_BMI5CAT","21","21","","","","","",""
"3506801","2019","LA","Louisiana","Overweight and Obesity (BMI)","BMI Categories","Weight classification by Body Mass Index (BMI) (variable calculated from one or more BRFSS questions)","Underweight (BMI 12.0-18.4)","BRFSS","%","Crude Prevalence","1.9","","","1.4","2.5","71","Overall","Overall","_BMI5CAT","21","21","","","","","",""
"3511006","2019","ME","Maine","Overweight and Obesity (BMI)","BMI Categories","Weight classification by Body Mass Index (BMI) (variable calculated from one or more BRFSS questions)","Obese (BMI 30.0 - 99.8)","BRFSS","%","Crude Prevalence","31.7","","","30.2","33.1","3235","Overall","Overall","_BMI5CAT","22","22","","","","","",""
"3511032","2019","ME","Maine","Overweight and Obesity (BMI)","BMI Categories","Weight classification by Body Mass Index (BMI) (variable calculated from one or more BRFSS questions)","Overweight (BMI 25.0-29.9)","BRFSS","%","Crude Prevalence","33.8","","","32.3","35.3","3717","Overall","Overall","_BMI5CAT","22","22","","","","","",""
"3511058","2019","ME","Maine","Overweight and Obesity (BMI)","BMI Categories","Weight classification by Body Mass Index (BMI) (variable calculated from one or more BRFSS questions)","Normal Weight (BMI 18.5-24.9)","BRFSS","%","Crude Prevalence","32.5","","","31.0","34.1","3328","Overall","Overall","_BMI5CAT","22","22","","","","","",""
"3511084","2019","ME","Maine","Overweight and Obesity (BMI)","BMI Categories","Weight classification by Body Mass Index (BMI) (variable calculated from one or more BRFSS questions)","Underweight (BMI 12.0-18.4)","BRFSS","%","Crude Prevalence","2.1","","","1.5","2.6","175","Overall","Overall","_BMI5CAT","22","22","","","","","",""
"3515289","2019","MD","Maryland","Overweight and Obesity (BMI)","BMI Categories","Weight classification by Body Mass Index (BMI) (variable calculated from one or more BRFSS questions)","Obese (BMI 30.0 - 99.8)","BRFSS","%","Crude Prevalence","32.3","","","31.1","33.4","5207","Overall","Overall","_BMI5CAT","23","23","","","","","",""
"3515315","2019","MD","Maryland","Overweight and Obesity (BMI)","BMI Categories","Weight classification by Body Mass Index (BMI) (variable calculated from one or more BRFSS questions)","Overweight (BMI 25.0-29.9)","BRFSS","%","Crude Prevalence","34.4","","","33.3","35.5","5688","Overall","Overall","_BMI5CAT","23","23","","","","","",""
"3515341","2019","MD","Maryland","Overweight and Obesity (BMI)","BMI Categories","Weight classification by Body Mass Index (BMI) (variable calculated from one or more BRFSS questions)","Normal Weight (BMI 18.5-24.9)","BRFSS","%","Crude Prevalence","31.4","","","30.2","32.6","4723","Overall","Overall","_BMI5CAT","23","23","","","","","",""
"3515367","2019","MD","Maryland","Overweight and Obesity (BMI)","BMI Categories","Weight classification by Body Mass Index (BMI) (variable calculated from one or more BRFSS questions)","Underweight (BMI 12.0-18.4)","BRFSS","%","Crude Prevalence","2.0","","","1.6","2.4","246","Overall","Overall","_BMI5CAT","23","23","","","","","",""
"3519572","2019","MA","Massachusetts","Overweight and Obesity (BMI)","BMI Categories","Weight classification by Body Mass Index (BMI) (variable calculated from one or more BRFSS questions)","Obese (BMI 30.0 - 99.8)","BRFSS","%","Crude Prevalence","25.2","","","23.8","26.5","1718","Overall","Overall","_BMI5CAT","24","24","","","","","",""
"3519598","2019","MA","Massachusetts","Overweight and Obesity (BMI)","BMI Categories","Weight classification by Body Mass Index (BMI) (variable calculated from one or more BRFSS questions)","Overweight (BMI 25.0-29.9)","BRFSS","%","Crude Prevalence","34.5","","","33.1","35.9","2468","Overall","Overall","_BMI5CAT","24","24","","","","","",""
"3519624","2019","MA","Massachusetts","Overweight and Obesity (BMI)","BMI Categories","Weight classification by Body Mass Index (BMI) (variable calculated from one or more BRFSS questions)","Normal Weight (BMI 18.5-24.9)","BRFSS","%","Crude Prevalence","38.2","","","36.8","39.7","2469","Overall","Overall","_BMI5CAT","24","24","","","","","",""
"3519650","2019","MA","Massachusetts","Overweight and Obesity (BMI)","BMI Categories","Weight classification by Body Mass Index (BMI) (variable calculated from one or more BRFSS questions)","Underweight (BMI 12.0-18.4)","BRFSS","%","Crude Prevalence","2.1","","","1.6","2.6","132","Overall","Overall","_BMI5CAT","24","24","","","","","",""
"3523855","2019","MI","Michigan","Overweight and Obesity (BMI)","BMI Categories","Weight classification by Body Mass Index (BMI) (variable calculated from one or more BRFSS questions)","Obese (BMI 30.0 - 99.8)","BRFSS","%","Crude Prevalence","36.0","","","34.7","37.2","3481","Overall","Overall","_BMI5CAT","25","25","","","","","",""
"3523881","2019","MI","Michigan","Overweight and Obesity (BMI)","BMI Categories","Weight classification by Body Mass Index (BMI) (variable calculated from one or more BRFSS questions)","Overweight (BMI 25.0-29.9)","BRFSS","%","Crude Prevalence","34.4","","","33.1","35.6","3491","Overall","Overall","_BMI5CAT","25","25","","","","","",""
"3523907","2019","MI","Michigan","Overweight and Obesity (BMI)","BMI Categories","Weight classification by Body Mass Index (BMI) (variable calculated from one or more BRFSS questions)","Normal Weight (BMI 18.5-24.9)","BRFSS","%","Crude Prevalence","28.0","","","26.8","29.3","2742","Overall","Overall","_BMI5CAT","25","25","","","","","",""
"3523933","2019","MI","Michigan","Overweight and Obesity (BMI)","BMI Categories","Weight classification by Body Mass Index (BMI) (variable calculated from one or more BRFSS questions)","Underweight (BMI 12.0-18.4)","BRFSS","%","Crude Prevalence","1.7","","","1.3","2.0","143","Overall","Overall","_BMI5CAT","25","25","","","","","",""
"3528138","2019","MN","Minnesota","Overweight and Obesity (BMI)","BMI Categories","Weight classification by Body Mass Index (BMI) (variable calculated from one or more BRFSS questions)","Obese (BMI 30.0 - 99.8)","BRFSS","%","Crude Prevalence","30.1","","","29.2","31.0","4387","Overall","Overall","_BMI5CAT","26","26","","","","","",""
"3528164","2019","MN","Minnesota","Overweight and Obesity (BMI)","BMI Categories","Weight classification by Body Mass Index (BMI) (variable calculated from one or more BRFSS questions)","Overweight (BMI 25.0-29.9)","BRFSS","%","Crude Prevalence","35.4","","","34.5","36.4","5177","Overall","Overall","_BMI5CAT","26","26","","","","","",""
"3528190","2019","MN","Minnesota","Overweight and Obesity (BMI)","BMI Categories","Weight classification by Body Mass Index (BMI) (variable calculated from one or more BRFSS questions)","Normal Weight (BMI 18.5-24.9)","BRFSS","%","Crude Prevalence","32.7","","","31.7","33.6","4367","Overall","Overall","_BMI5CAT","26","26","","","","","",""
"3528216","2019","MN","Minnesota","Overweight and Obesity (BMI)","BMI Categories","Weight classification by Body Mass Index (BMI) (variable calculated from one or more BRFSS questions)","Underweight (BMI 12.0-18.4)","BRFSS","%","Crude Prevalence","1.8","","","1.5","2.1","208","Overall","Overall","_BMI5CAT","26","26","","","","","",""
"3532421","2019","MS","Mississippi","Overweight and Obesity (BMI)","BMI Categories","Weight classification by Body Mass Index (BMI) (variable calculated from one or more BRFSS questions)","Obese (BMI 30.0 - 99.8)","BRFSS","%","Crude Prevalence","40.8","","","39.0","42.7","1965","Overall","Overall","_BMI5CAT","27","27","","","","","",""
"3532447","2019","MS","Mississippi","Overweight and Obesity (BMI)","BMI Categories","Weight classification by Body Mass Index (BMI) (variable calculated from one or more BRFSS questions)","Overweight (BMI 25.0-29.9)","BRFSS","%","Crude Prevalence","31.9","","","30.1","33.7","1541","Overall","Overall","_BMI5CAT","27","27","","","","","",""
"3532473","2019","MS","Mississippi","Overweight and Obesity (BMI)","BMI Categories","Weight classification by Body Mass Index (BMI) (variable calculated from one or more BRFSS questions)","Normal Weight (BMI 18.5-24.9)","BRFSS","%","Crude Prevalence","25.4","","","23.7","27.1","1147","Overall","Overall","_BMI5CAT","27","27","","","","","",""
"3532499","2019","MS","Mississippi","Overweight and Obesity (BMI)","BMI Categories","Weight classification by Body Mass Index (BMI) (variable calculated from one or more BRFSS questions)","Underweight (BMI 12.0-18.4)","BRFSS","%","Crude Prevalence","1.9","","","1.3","2.4","84","Overall","Overall","_BMI5CAT","27","27","","","","","",""
"3536704","2019","MO","Missouri","Overweight and Obesity (BMI)","BMI Categories","Weight classification by Body Mass Index (BMI) (variable calculated from one or more BRFSS questions)","Obese (BMI 30.0 - 99.8)","BRFSS","%","Crude Prevalence","34.8","","","33.2","36.4","2336","Overall","Overall","_BMI5CAT","28","28","","","","","",""
"3536730","2019","MO","Missouri","Overweight and Obesity (BMI)","BMI Categories","Weight classification by Body Mass Index (BMI) (variable calculated from one or more BRFSS questions)","Overweight (BMI 25.0-29.9)","BRFSS","%","Crude Prevalence","33.3","","","31.7","34.9","2302","Overall","Overall","_BMI5CAT","28","28","","","","","",""
"3536756","2019","MO","Missouri","Overweight and Obesity (BMI)","BMI Categories","Weight classification by Body Mass Index (BMI) (variable calculated from one or more BRFSS questions)","Normal Weight (BMI 18.5-24.9)","BRFSS","%","Crude Prevalence","30.3","","","28.8","31.9","1963","Overall","Overall","_BMI5CAT","28","28","","","","","",""
"3536782","2019","MO","Missouri","Overweight and Obesity (BMI)","BMI Categories","Weight classification by Body Mass Index (BMI) (variable calculated from one or more BRFSS questions)","Underweight (BMI 12.0-18.4)","BRFSS","%","Crude Prevalence","1.6","","","1.2","2.0","125","Overall","Overall","_BMI5CAT","28","28","","","","","",""
"3540987","2019","MT","Montana","Overweight and Obesity (BMI)","BMI Categories","Weight classification by Body Mass Index (BMI) (variable calculated from one or more BRFSS questions)","Obese (BMI 30.0 - 99.8)","BRFSS","%","Crude Prevalence","28.3","","","27.0","29.7","1807","Overall","Overall","_BMI5CAT","29","29","","","","","",""
"3541013","2019","MT","Montana","Overweight and Obesity (BMI)","BMI Categories","Weight classification by Body Mass Index (BMI) (variable calculated from one or more BRFSS questions)","Overweight (BMI 25.0-29.9)","BRFSS","%","Crude Prevalence","36.4","","","34.9","37.8","2239","Overall","Overall","_BMI5CAT","29","29","","","","","",""
"3541039","2019","MT","Montana","Overweight and Obesity (BMI)","BMI Categories","Weight classification by Body Mass Index (BMI) (variable calculated from one or more BRFSS questions)","Normal Weight (BMI 18.5-24.9)","BRFSS","%","Crude Prevalence","33.9","","","32.4","35.3","1915","Overall","Overall","_BMI5CAT","29","29","","","","","",""
"3541065","2019","MT","Montana","Overweight and Obesity (BMI)","BMI Categories","Weight classification by Body Mass Index (BMI) (variable calculated from one or more BRFSS questions)","Underweight (BMI 12.0-18.4)","BRFSS","%","Crude Prevalence","1.4","","","1.1","1.8","82","Overall","Overall","_BMI5CAT","29","29","","","","","",""
"3545270","2019","NE","Nebraska","Overweight and Obesity (BMI)","BMI Categories","Weight classification by Body Mass Index (BMI) (variable calculated from one or more BRFSS questions)","Obese (BMI 30.0 - 99.8)","BRFSS","%","Crude Prevalence","34.1","","","33.0","35.2","5293","Overall","Overall","_BMI5CAT","30","30","","","","","",""
"3545296","2019","NE","Nebraska","Overweight and Obesity (BMI)","BMI Categories","Weight classification by Body Mass Index (BMI) (variable calculated from one or more BRFSS questions)","Overweight (BMI 25.0-29.9)","BRFSS","%","Crude Prevalence","34.9","","","33.8","36.0","5262","Overall","Overall","_BMI5CAT","30","30","","","","","",""
"3545322","2019","NE","Nebraska","Overweight and Obesity (BMI)","BMI Categories","Weight classification by Body Mass Index (BMI) (variable calculated from one or more BRFSS questions)","Normal Weight (BMI 18.5-24.9)","BRFSS","%","Crude Prevalence","29.5","","","28.4","30.6","3979","Overall","Overall","_BMI5CAT","30","30","","","","","",""
"3545348","2019","NE","Nebraska","Overweight and Obesity (BMI)","BMI Categories","Weight classification by Body Mass Index (BMI) (variable calculated from one or more BRFSS questions)","Underweight (BMI 12.0-18.4)","BRFSS","%","Crude Prevalence","1.5","","","1.2","1.8","176","Overall","Overall","_BMI5CAT","30","30","","","","","",""
"3549553","2019","NV","Nevada","Overweight and Obesity (BMI)","BMI Categories","Weight classification by Body Mass Index (BMI) (variable calculated from one or more BRFSS questions)","Obese (BMI 30.0 - 99.8)","BRFSS","%","Crude Prevalence","30.6","","","28.1","33.0","781","Overall","Overall","_BMI5CAT","31","31","","","","","",""
"3549579","2019","NV","Nevada","Overweight and Obesity (BMI)","BMI Categories","Weight classification by Body Mass Index (BMI) (variable calculated from one or more BRFSS questions)","Overweight (BMI 25.0-29.9)","BRFSS","%","Crude Prevalence","37.2","","","34.5","39.8","924","Overall","Overall","_BMI5CAT","31","31","","","","","",""
"3549605","2019","NV","Nevada","Overweight and Obesity (BMI)","BMI Categories","Weight classification by Body Mass Index (BMI) (variable calculated from one or more BRFSS questions)","Normal Weight (BMI 18.5-24.9)","BRFSS","%","Crude Prevalence","29.9","","","27.4","32.3","825","Overall","Overall","_BMI5CAT","31","31","","","","","",""
"3549631","2019","NV","Nevada","Overweight and Obesity (BMI)","BMI Categories","Weight classification by Body Mass Index (BMI) (variable calculated from one or more BRFSS questions)","Underweight (BMI 12.0-18.4)","BRFSS","%","Crude Prevalence","2.4","","","1.5","3.3","50","Overall","Overall","_BMI5CAT","31","31","","","","","",""
"3553836","2019","NH","New Hampshire","Overweight and Obesity (BMI)","BMI Categories","Weight classification by Body Mass Index (BMI) (variable calculated from one or more BRFSS questions)","Obese (BMI 30.0 - 99.8)","BRFSS","%","Crude Prevalence","31.8","","","29.9","33.6","1567","Overall","Overall","_BMI5CAT","32","32","","","","","",""
"3553862","2019","NH","New Hampshire","Overweight and Obesity (BMI)","BMI Categories","Weight classification by Body Mass Index (BMI) (variable calculated from one or more BRFSS questions)","Overweight (BMI 25.0-29.9)","BRFSS","%","Crude Prevalence","35.9","","","34.1","37.8","1943","Overall","Overall","_BMI5CAT","32","32","","","","","",""
"3553888","2019","NH","New Hampshire","Overweight and Obesity (BMI)","BMI Categories","Weight classification by Body Mass Index (BMI) (variable calculated from one or more BRFSS questions)","Normal Weight (BMI 18.5-24.9)","BRFSS","%","Crude Prevalence","30.8","","","29.0","32.6","1638","Overall","Overall","_BMI5CAT","32","32","","","","","",""
"3553914","2019","NH","New Hampshire","Overweight and Obesity (BMI)","BMI Categories","Weight classification by Body Mass Index (BMI) (variable calculated from one or more BRFSS questions)","Underweight (BMI 12.0-18.4)","BRFSS","%","Crude Prevalence","1.5","","","0.9","2.0","72","Overall","Overall","_BMI5CAT","32","32","","","","","",""
"3558119","2019","NM","New Mexico","Overweight and Obesity (BMI)","BMI Categories","Weight classification by Body Mass Index (BMI) (variable calculated from one or more BRFSS questions)","Obese (BMI 30.0 - 99.8)","BRFSS","%","Crude Prevalence","31.7","","","30.0","33.5","1686","Overall","Overall","_BMI5CAT","34","34","","","","","",""
"3558145","2019","NM","New Mexico","Overweight and Obesity (BMI)","BMI Categories","Weight classification by Body Mass Index (BMI) (variable calculated from one or more BRFSS questions)","Overweight (BMI 25.0-29.9)","BRFSS","%","Crude Prevalence","34.4","","","32.6","36.1","1983","Overall","Overall","_BMI5CAT","34","34","","","","","",""
"3558171","2019","NM","New Mexico","Overweight and Obesity (BMI)","BMI Categories","Weight classification by Body Mass Index (BMI) (variable calculated from one or more BRFSS questions)","Normal Weight (BMI 18.5-24.9)","BRFSS","%","Crude Prevalence","32.4","","","30.7","34.2","1787","Overall","Overall","_BMI5CAT","34","34","","","","","",""
"3558197","2019","NM","New Mexico","Overweight and Obesity (BMI)","BMI Categories","Weight classification by Body Mass Index (BMI) (variable calculated from one or more BRFSS questions)","Underweight (BMI 12.0-18.4)","BRFSS","%","Crude Prevalence","1.5","","","1.1","1.9","102","Overall","Overall","_BMI5CAT","34","34","","","","","",""
"3562402","2019","NY","New York","Overweight and Obesity (BMI)","BMI Categories","Weight classification by Body Mass Index (BMI) (variable calculated from one or more BRFSS questions)","Obese (BMI 30.0 - 99.8)","BRFSS","%","Crude Prevalence","27.1","","","26.0","28.2","3680","Overall","Overall","_BMI5CAT","35","35","","","","","",""
"3562428","2019","NY","New York","Overweight and Obesity (BMI)","BMI Categories","Weight classification by Body Mass Index (BMI) (variable calculated from one or more BRFSS questions)","Overweight (BMI 25.0-29.9)","BRFSS","%","Crude Prevalence","36.1","","","34.8","37.3","4573","Overall","Overall","_BMI5CAT","35","35","","","","","",""
"3562454","2019","NY","New York","Overweight and Obesity (BMI)","BMI Categories","Weight classification by Body Mass Index (BMI) (variable calculated from one or more BRFSS questions)","Normal Weight (BMI 18.5-24.9)","BRFSS","%","Crude Prevalence","35.1","","","33.8","36.3","4142","Overall","Overall","_BMI5CAT","35","35","","","","","",""
"3562480","2019","NY","New York","Overweight and Obesity (BMI)","BMI Categories","Weight classification by Body Mass Index (BMI) (variable calculated from one or more BRFSS questions)","Underweight (BMI 12.0-18.4)","BRFSS","%","Crude Prevalence","1.8","","","1.5","2.1","236","Overall","Overall","_BMI5CAT","35","35","","","","","",""
"3566685","2019","NC","North Carolina","Overweight and Obesity (BMI)","BMI Categories","Weight classification by Body Mass Index (BMI) (variable calculated from one or more BRFSS questions)","Obese (BMI 30.0 - 99.8)","BRFSS","%","Crude Prevalence","34.0","","","32.2","35.7","1312","Overall","Overall","_BMI5CAT","36","36","","","","","",""
"3566711","2019","NC","North Carolina","Overweight and Obesity (BMI)","BMI Categories","Weight classification by Body Mass Index (BMI) (variable calculated from one or more BRFSS questions)","Overweight (BMI 25.0-29.9)","BRFSS","%","Crude Prevalence","35.6","","","33.9","37.4","1408","Overall","Overall","_BMI5CAT","36","36","","","","","",""
"3566737","2019","NC","North Carolina","Overweight and Obesity (BMI)","BMI Categories","Weight classification by Body Mass Index (BMI) (variable calculated from one or more BRFSS questions)","Normal Weight (BMI 18.5-24.9)","BRFSS","%","Crude Prevalence","28.6","","","26.9","30.2","1086","Overall","Overall","_BMI5CAT","36","36","","","","","",""
"3566763","2019","NC","North Carolina","Overweight and Obesity (BMI)","BMI Categories","Weight classification by Body Mass Index (BMI) (variable calculated from one or more BRFSS questions)","Underweight (BMI 12.0-18.4)","BRFSS","%","Crude Prevalence","1.8","","","1.3","2.3","65","Overall","Overall","_BMI5CAT","36","36","","","","","",""
"3570968","2019","ND","North Dakota","Overweight and Obesity (BMI)","BMI Categories","Weight classification by Body Mass Index (BMI) (variable calculated from one or more BRFSS questions)","Obese (BMI 30.0 - 99.8)","BRFSS","%","Crude Prevalence","34.8","","","33.0","36.7","1830","Overall","Overall","_BMI5CAT","37","37","","","","","",""
"3570994","2019","ND","North Dakota","Overweight and Obesity (BMI)","BMI Categories","Weight classification by Body Mass Index (BMI) (variable calculated from one or more BRFSS questions)","Overweight (BMI 25.0-29.9)","BRFSS","%","Crude Prevalence","35.5","","","33.6","37.3","1915","Overall","Overall","_BMI5CAT","37","37","","","","","",""
"3571020","2019","ND","North Dakota","Overweight and Obesity (BMI)","BMI Categories","Weight classification by Body Mass Index (BMI) (variable calculated from one or more BRFSS questions)","Normal Weight (BMI 18.5-24.9)","BRFSS","%","Crude Prevalence","28.5","","","26.6","30.3","1367","Overall","Overall","_BMI5CAT","37","37","","","","","",""
"3571046","2019","ND","North Dakota","Overweight and Obesity (BMI)","BMI Categories","Weight classification by Body Mass Index (BMI) (variable calculated from one or more BRFSS questions)","Underweight (BMI 12.0-18.4)","BRFSS","%","Crude Prevalence","1.3","","","0.8","1.7","62","Overall","Overall","_BMI5CAT","37","37","","","","","",""
"3575251","2019","OH","Ohio","Overweight and Obesity (BMI)","BMI Categories","Weight classification by Body Mass Index (BMI) (variable calculated from one or more BRFSS questions)","Obese (BMI 30.0 - 99.8)","BRFSS","%","Crude Prevalence","34.8","","","33.5","36.1","4534","Overall","Overall","_BMI5CAT","38","38","","","","","",""
"3575277","2019","OH","Ohio","Overweight and Obesity (BMI)","BMI Categories","Weight classification by Body Mass Index (BMI) (variable calculated from one or more BRFSS questions)","Overweight (BMI 25.0-29.9)","BRFSS","%","Crude Prevalence","34.5","","","33.2","35.9","4322","Overall","Overall","_BMI5CAT","38","38","","","","","",""
"3575303","2019","OH","Ohio","Overweight and Obesity (BMI)","BMI Categories","Weight classification by Body Mass Index (BMI) (variable calculated from one or more BRFSS questions)","Normal Weight (BMI 18.5-24.9)","BRFSS","%","Crude Prevalence","29.0","","","27.6","30.3","3311","Overall","Overall","_BMI5CAT","38","38","","","","","",""
"3575329","2019","OH","Ohio","Overweight and Obesity (BMI)","BMI Categories","Weight classification by Body Mass Index (BMI) (variable calculated from one or more BRFSS questions)","Underweight (BMI 12.0-18.4)","BRFSS","%","Crude Prevalence","1.7","","","1.4","2.1","218","Overall","Overall","_BMI5CAT","38","38","","","","","",""
"3579534","2019","OK","Oklahoma","Overweight and Obesity (BMI)","BMI Categories","Weight classification by Body Mass Index (BMI) (variable calculated from one or more BRFSS questions)","Obese (BMI 30.0 - 99.8)","BRFSS","%","Crude Prevalence","36.8","","","35.2","38.4","2091","Overall","Overall","_BMI5CAT","39","39","","","","","",""
"3579560","2019","OK","Oklahoma","Overweight and Obesity (BMI)","BMI Categories","Weight classification by Body Mass Index (BMI) (variable calculated from one or more BRFSS questions)","Overweight (BMI 25.0-29.9)","BRFSS","%","Crude Prevalence","34.6","","","33.1","36.2","2057","Overall","Overall","_BMI5CAT","39","39","","","","","",""
"3579586","2019","OK","Oklahoma","Overweight and Obesity (BMI)","BMI Categories","Weight classification by Body Mass Index (BMI) (variable calculated from one or more BRFSS questions)","Normal Weight (BMI 18.5-24.9)","BRFSS","%","Crude Prevalence","26.3","","","24.8","27.7","1498","Overall","Overall","_BMI5CAT","39","39","","","","","",""
"3579612","2019","OK","Oklahoma","Overweight and Obesity (BMI)","BMI Categories","Weight classification by Body Mass Index (BMI) (variable calculated from one or more BRFSS questions)","Underweight (BMI 12.0-18.4)","BRFSS","%","Crude Prevalence","2.3","","","1.7","2.9","102","Overall","Overall","_BMI5CAT","39","39","","","","","",""
"3583817","2019","OR","Oregon","Overweight and Obesity (BMI)","BMI Categories","Weight classification by Body Mass Index (BMI) (variable calculated from one or more BRFSS questions)","Obese (BMI 30.0 - 99.8)","BRFSS","%","Crude Prevalence","29.0","","","27.5","30.4","1637","Overall","Overall","_BMI5CAT","40","40","","","","","",""
"3583843","2019","OR","Oregon","Overweight and Obesity (BMI)","BMI Categories","Weight classification by Body Mass Index (BMI) (variable calculated from one or more BRFSS questions)","Overweight (BMI 25.0-29.9)","BRFSS","%","Crude Prevalence","34.9","","","33.4","36.4","2002","Overall","Overall","_BMI5CAT","40","40","","","","","",""
"3583869","2019","OR","Oregon","Overweight and Obesity (BMI)","BMI Categories","Weight classification by Body Mass Index (BMI) (variable calculated from one or more BRFSS questions)","Normal Weight (BMI 18.5-24.9)","BRFSS","%","Crude Prevalence","34.0","","","32.5","35.6","1807","Overall","Overall","_BMI5CAT","40","40","","","","","",""
"3583895","2019","OR","Oregon","Overweight and Obesity (BMI)","BMI Categories","Weight classification by Body Mass Index (BMI) (variable calculated from one or more BRFSS questions)","Underweight (BMI 12.0-18.4)","BRFSS","%","Crude Prevalence","2.1","","","1.6","2.5","102","Overall","Overall","_BMI5CAT","40","40","","","","","",""
"3588100","2019","PA","Pennsylvania","Overweight and Obesity (BMI)","BMI Categories","Weight classification by Body Mass Index (BMI) (variable calculated from one or more BRFSS questions)","Obese (BMI 30.0 - 99.8)","BRFSS","%","Crude Prevalence","33.2","","","31.7","34.7","2001","Overall","Overall","_BMI5CAT","41","41","","","","","",""
"3588126","2019","PA","Pennsylvania","Overweight and Obesity (BMI)","BMI Categories","Weight classification by Body Mass Index (BMI) (variable calculated from one or more BRFSS questions)","Overweight (BMI 25.0-29.9)","BRFSS","%","Crude Prevalence","35.2","","","33.6","36.7","2198","Overall","Overall","_BMI5CAT","41","41","","","","","",""
"3588152","2019","PA","Pennsylvania","Overweight and Obesity (BMI)","BMI Categories","Weight classification by Body Mass Index (BMI) (variable calculated from one or more BRFSS questions)","Normal Weight (BMI 18.5-24.9)","BRFSS","%","Crude Prevalence","29.8","","","28.3","31.3","1841","Overall","Overall","_BMI5CAT","41","41","","","","","",""
"3588178","2019","PA","Pennsylvania","Overweight and Obesity (BMI)","BMI Categories","Weight classification by Body Mass Index (BMI) (variable calculated from one or more BRFSS questions)","Underweight (BMI 12.0-18.4)","BRFSS","%","Crude Prevalence","1.8","","","1.4","2.2","98","Overall","Overall","_BMI5CAT","41","41","","","","","",""
"3592383","2019","RI","Rhode Island","Overweight and Obesity (BMI)","BMI Categories","Weight classification by Body Mass Index (BMI) (variable calculated from one or more BRFSS questions)","Obese (BMI 30.0 - 99.8)","BRFSS","%","Crude Prevalence","30.0","","","28.2","31.8","1598","Overall","Overall","_BMI5CAT","42","42","","","","","",""
"3592409","2019","RI","Rhode Island","Overweight and Obesity (BMI)","BMI Categories","Weight classification by Body Mass Index (BMI) (variable calculated from one or more BRFSS questions)","Overweight (BMI 25.0-29.9)","BRFSS","%","Crude Prevalence","34.4","","","32.5","36.3","1969","Overall","Overall","_BMI5CAT","42","42","","","","","",""
"3592435","2019","RI","Rhode Island","Overweight and Obesity (BMI)","BMI Categories","Weight classification by Body Mass Index (BMI) (variable calculated from one or more BRFSS questions)","Normal Weight (BMI 18.5-24.9)","BRFSS","%","Crude Prevalence","33.9","","","32.0","35.8","1807","Overall","Overall","_BMI5CAT","42","42","","","","","",""
"3592461","2019","RI","Rhode Island","Overweight and Obesity (BMI)","BMI Categories","Weight classification by Body Mass Index (BMI) (variable calculated from one or more BRFSS questions)","Underweight (BMI 12.0-18.4)","BRFSS","%","Crude Prevalence","1.7","","","1.2","2.3","90","Overall","Overall","_BMI5CAT","42","42","","","","","",""
"3596666","2019","SC","South Carolina","Overweight and Obesity (BMI)","BMI Categories","Weight classification by Body Mass Index (BMI) (variable calculated from one or more BRFSS questions)","Obese (BMI 30.0 - 99.8)","BRFSS","%","Crude Prevalence","35.4","","","33.8","36.9","2269","Overall","Overall","_BMI5CAT","43","43","","","","","",""
"3596692","2019","SC","South Carolina","Overweight and Obesity (BMI)","BMI Categories","Weight classification by Body Mass Index (BMI) (variable calculated from one or more BRFSS questions)","Overweight (BMI 25.0-29.9)","BRFSS","%","Crude Prevalence","33.9","","","32.4","35.5","2356","Overall","Overall","_BMI5CAT","43","43","","","","","",""
"3596718","2019","SC","South Carolina","Overweight and Obesity (BMI)","BMI Categories","Weight classification by Body Mass Index (BMI) (variable calculated from one or more BRFSS questions)","Normal Weight (BMI 18.5-24.9)","BRFSS","%","Crude Prevalence","28.7","","","27.2","30.2","1877","Overall","Overall","_BMI5CAT","43","43","","","","","",""
"3596744","2019","SC","South Carolina","Overweight and Obesity (BMI)","BMI Categories","Weight classification by Body Mass Index (BMI) (variable calculated from one or more BRFSS questions)","Underweight (BMI 12.0-18.4)","BRFSS","%","Crude Prevalence","2.0","","","1.5","2.5","125","Overall","Overall","_BMI5CAT","43","43","","","","","",""
"3600949","2019","SD","South Dakota","Overweight and Obesity (BMI)","BMI Categories","Weight classification by Body Mass Index (BMI) (variable calculated from one or more BRFSS questions)","Obese (BMI 30.0 - 99.8)","BRFSS","%","Crude Prevalence","33.0","","","30.5","35.4","2060","Overall","Overall","_BMI5CAT","44","44","","","","","",""
"3600975","2019","SD","South Dakota","Overweight and Obesity (BMI)","BMI Categories","Weight classification by Body Mass Index (BMI) (variable calculated from one or more BRFSS questions)","Overweight (BMI 25.0-29.9)","BRFSS","%","Crude Prevalence","37.9","","","35.4","40.4","2324","Overall","Overall","_BMI5CAT","44","44","","","","","",""
"3601001","2019","SD","South Dakota","Overweight and Obesity (BMI)","BMI Categories","Weight classification by Body Mass Index (BMI) (variable calculated from one or more BRFSS questions)","Normal Weight (BMI 18.5-24.9)","BRFSS","%","Crude Prevalence","27.9","","","25.6","30.1","1696","Overall","Overall","_BMI5CAT","44","44","","","","","",""
"3601027","2019","SD","South Dakota","Overweight and Obesity (BMI)","BMI Categories","Weight classification by Body Mass Index (BMI) (variable calculated from one or more BRFSS questions)","Underweight (BMI 12.0-18.4)","BRFSS","%","Crude Prevalence","1.3","","","0.7","1.8","86","Overall","Overall","_BMI5CAT","44","44","","","","","",""
"3605232","2019","TN","Tennessee","Overweight and Obesity (BMI)","BMI Categories","Weight classification by Body Mass Index (BMI) (variable calculated from one or more BRFSS questions)","Obese (BMI 30.0 - 99.8)","BRFSS","%","Crude Prevalence","36.5","","","34.7","38.3","2096","Overall","Overall","_BMI5CAT","45","45","","","","","",""
"3605258","2019","TN","Tennessee","Overweight and Obesity (BMI)","BMI Categories","Weight classification by Body Mass Index (BMI) (variable calculated from one or more BRFSS questions)","Overweight (BMI 25.0-29.9)","BRFSS","%","Crude Prevalence","33.0","","","31.2","34.7","1907","Overall","Overall","_BMI5CAT","45","45","","","","","",""
"3605284","2019","TN","Tennessee","Overweight and Obesity (BMI)","BMI Categories","Weight classification by Body Mass Index (BMI) (variable calculated from one or more BRFSS questions)","Normal Weight (BMI 18.5-24.9)","BRFSS","%","Crude Prevalence","28.6","","","26.9","30.3","1557","Overall","Overall","_BMI5CAT","45","45","","","","","",""
"3605310","2019","TN","Tennessee","Overweight and Obesity (BMI)","BMI Categories","Weight classification by Body Mass Index (BMI) (variable calculated from one or more BRFSS questions)","Underweight (BMI 12.0-18.4)","BRFSS","%","Crude Prevalence","1.9","","","1.4","2.4","113","Overall","Overall","_BMI5CAT","45","45","","","","","",""
"3609515","2019","TX","Texas","Overweight and Obesity (BMI)","BMI Categories","Weight classification by Body Mass Index (BMI) (variable calculated from one or more BRFSS questions)","Obese (BMI 30.0 - 99.8)","BRFSS","%","Crude Prevalence","34.0","","","32.2","35.7","3825","Overall","Overall","_BMI5CAT","46","46","","","","","",""
"3609541","2019","TX","Texas","Overweight and Obesity (BMI)","BMI Categories","Weight classification by Body Mass Index (BMI) (variable calculated from one or more BRFSS questions)","Overweight (BMI 25.0-29.9)","BRFSS","%","Crude Prevalence","35.8","","","34.0","37.6","3888","Overall","Overall","_BMI5CAT","46","46","","","","","",""
"3609567","2019","TX","Texas","Overweight and Obesity (BMI)","BMI Categories","Weight classification by Body Mass Index (BMI) (variable calculated from one or more BRFSS questions)","Normal Weight (BMI 18.5-24.9)","BRFSS","%","Crude Prevalence","28.4","","","26.8","30.1","3158","Overall","Overall","_BMI5CAT","46","46","","","","","",""
"3609593","2019","TX","Texas","Overweight and Obesity (BMI)","BMI Categories","Weight classification by Body Mass Index (BMI) (variable calculated from one or more BRFSS questions)","Underweight (BMI 12.0-18.4)","BRFSS","%","Crude Prevalence","1.8","","","1.3","2.3","211","Overall","Overall","_BMI5CAT","46","46","","","","","",""
"3613798","2019","UT","Utah","Overweight and Obesity (BMI)","BMI Categories","Weight classification by Body Mass Index (BMI) (variable calculated from one or more BRFSS questions)","Obese (BMI 30.0 - 99.8)","BRFSS","%","Crude Prevalence","29.2","","","28.2","30.3","3313","Overall","Overall","_BMI5CAT","47","47","","","","","",""
"3613824","2019","UT","Utah","Overweight and Obesity (BMI)","BMI Categories","Weight classification by Body Mass Index (BMI) (variable calculated from one or more BRFSS questions)","Overweight (BMI 25.0-29.9)","BRFSS","%","Crude Prevalence","34.5","","","33.3","35.6","3827","Overall","Overall","_BMI5CAT","47","47","","","","","",""
"3613850","2019","UT","Utah","Overweight and Obesity (BMI)","BMI Categories","Weight classification by Body Mass Index (BMI) (variable calculated from one or more BRFSS questions)","Normal Weight (BMI 18.5-24.9)","BRFSS","%","Crude Prevalence","34.5","","","33.4","35.7","3533","Overall","Overall","_BMI5CAT","47","47","","","","","",""
"3613876","2019","UT","Utah","Overweight and Obesity (BMI)","BMI Categories","Weight classification by Body Mass Index (BMI) (variable calculated from one or more BRFSS questions)","Underweight (BMI 12.0-18.4)","BRFSS","%","Crude Prevalence","1.7","","","1.4","2.1","173","Overall","Overall","_BMI5CAT","47","47","","","","","",""
"3618081","2019","VT","Vermont","Overweight and Obesity (BMI)","BMI Categories","Weight classification by Body Mass Index (BMI) (variable calculated from one or more BRFSS questions)","Obese (BMI 30.0 - 99.8)","BRFSS","%","Crude Prevalence","26.6","","","24.9","28.3","1583","Overall","Overall","_BMI5CAT","48","48","","","","","",""
"3618107","2019","VT","Vermont","Overweight and Obesity (BMI)","BMI Categories","Weight classification by Body Mass Index (BMI) (variable calculated from one or more BRFSS questions)","Overweight (BMI 25.0-29.9)","BRFSS","%","Crude Prevalence","32.9","","","31.1","34.7","2043","Overall","Overall","_BMI5CAT","48","48","","","","","",""
"3618133","2019","VT","Vermont","Overweight and Obesity (BMI)","BMI Categories","Weight classification by Body Mass Index (BMI) (variable calculated from one or more BRFSS questions)","Normal Weight (BMI 18.5-24.9)","BRFSS","%","Crude Prevalence","38.2","","","36.2","40.2","2128","Overall","Overall","_BMI5CAT","48","48","","","","","",""
"3618159","2019","VT","Vermont","Overweight and Obesity (BMI)","BMI Categories","Weight classification by Body Mass Index (BMI) (variable calculated from one or more BRFSS questions)","Underweight (BMI 12.0-18.4)","BRFSS","%","Crude Prevalence","2.3","","","1.6","3.0","110","Overall","Overall","_BMI5CAT","48","48","","","","","",""
"3622364","2019","VA","Virginia","Overweight and Obesity (BMI)","BMI Categories","Weight classification by Body Mass Index (BMI) (variable calculated from one or more BRFSS questions)","Obese (BMI 30.0 - 99.8)","BRFSS","%","Crude Prevalence","31.9","","","30.6","33.2","2923","Overall","Overall","_BMI5CAT","49","49","","","","","",""
"3622390","2019","VA","Virginia","Overweight and Obesity (BMI)","BMI Categories","Weight classification by Body Mass Index (BMI) (variable calculated from one or more BRFSS questions)","Overweight (BMI 25.0-29.9)","BRFSS","%","Crude Prevalence","34.5","","","33.1","35.9","3245","Overall","Overall","_BMI5CAT","49","49","","","","","",""
"3622416","2019","VA","Virginia","Overweight and Obesity (BMI)","BMI Categories","Weight classification by Body Mass Index (BMI) (variable calculated from one or more BRFSS questions)","Normal Weight (BMI 18.5-24.9)","BRFSS","%","Crude Prevalence","32.2","","","30.8","33.6","2722","Overall","Overall","_BMI5CAT","49","49","","","","","",""
"3622442","2019","VA","Virginia","Overweight and Obesity (BMI)","BMI Categories","Weight classification by Body Mass Index (BMI) (variable calculated from one or more BRFSS questions)","Underweight (BMI 12.0-18.4)","BRFSS","%","Crude Prevalence","1.5","","","1.2","1.8","144","Overall","Overall","_BMI5CAT","49","49","","","","","",""
"3626647","2019","WA","Washington","Overweight and Obesity (BMI)","BMI Categories","Weight classification by Body Mass Index (BMI) (variable calculated from one or more BRFSS questions)","Obese (BMI 30.0 - 99.8)","BRFSS","%","Crude Prevalence","28.3","","","27.3","29.4","3414","Overall","Overall","_BMI5CAT","50","50","","","","","",""
"3626673","2019","WA","Washington","Overweight and Obesity (BMI)","BMI Categories","Weight classification by Body Mass Index (BMI) (variable calculated from one or more BRFSS questions)","Overweight (BMI 25.0-29.9)","BRFSS","%","Crude Prevalence","35.6","","","34.5","36.8","4242","Overall","Overall","_BMI5CAT","50","50","","","","","",""
"3626699","2019","WA","Washington","Overweight and Obesity (BMI)","BMI Categories","Weight classification by Body Mass Index (BMI) (variable calculated from one or more BRFSS questions)","Normal Weight (BMI 18.5-24.9)","BRFSS","%","Crude Prevalence","34.3","","","33.1","35.4","3848","Overall","Overall","_BMI5CAT","50","50","","","","","",""
"3626725","2019","WA","Washington","Overweight and Obesity (BMI)","BMI Categories","Weight classification by Body Mass Index (BMI) (variable calculated from one or more BRFSS questions)","Underweight (BMI 12.0-18.4)","BRFSS","%","Crude Prevalence","1.8","","","1.4","2.1","172","Overall","Overall","_BMI5CAT","50","50","","","","","",""
"3630930","2019","WV","West Virginia","Overweight and Obesity (BMI)","BMI Categories","Weight classification by Body Mass Index (BMI) (variable calculated from one or more BRFSS questions)","Obese (BMI 30.0 - 99.8)","BRFSS","%","Crude Prevalence","39.7","","","37.9","41.5","2002","Overall","Overall","_BMI5CAT","51","51","","","","","",""
"3630956","2019","WV","West Virginia","Overweight and Obesity (BMI)","BMI Categories","Weight classification by Body Mass Index (BMI) (variable calculated from one or more BRFSS questions)","Overweight (BMI 25.0-29.9)","BRFSS","%","Crude Prevalence","32.3","","","30.6","34.0","1673","Overall","Overall","_BMI5CAT","51","51","","","","","",""
"3630982","2019","WV","West Virginia","Overweight and Obesity (BMI)","BMI Categories","Weight classification by Body Mass Index (BMI) (variable calculated from one or more BRFSS questions)","Normal Weight (BMI 18.5-24.9)","BRFSS","%","Crude Prevalence","25.9","","","24.2","27.5","1226","Overall","Overall","_BMI5CAT","51","51","","","","","",""
"3631008","2019","WV","West Virginia","Overweight and Obesity (BMI)","BMI Categories","Weight classification by Body Mass Index (BMI) (variable calculated from one or more BRFSS questions)","Underweight (BMI 12.0-18.4)","BRFSS","%","Crude Prevalence","2.1","","","1.6","2.7","87","Overall","Overall","_BMI5CAT","51","51","","","","","",""
"3635213","2019","WI","Wisconsin","Overweight and Obesity (BMI)","BMI Categories","Weight classification by Body Mass Index (BMI) (variable calculated from one or more BRFSS questions)","Obese (BMI 30.0 - 99.8)","BRFSS","%","Crude Prevalence","34.2","","","32.3","36.1","1575","Overall","Overall","_BMI5CAT","52","52","","","","","",""
"3635239","2019","WI","Wisconsin","Overweight and Obesity (BMI)","BMI Categories","Weight classification by Body Mass Index (BMI) (variable calculated from one or more BRFSS questions)","Overweight (BMI 25.0-29.9)","BRFSS","%","Crude Prevalence","35.5","","","33.6","37.4","1660","Overall","Overall","_BMI5CAT","52","52","","","","","",""
"3635265","2019","WI","Wisconsin","Overweight and Obesity (BMI)","BMI Categories","Weight classification by Body Mass Index (BMI) (variable calculated from one or more BRFSS questions)","Normal Weight (BMI 18.5-24.9)","BRFSS","%","Crude Prevalence","28.6","","","26.8","30.4","1276","Overall","Overall","_BMI5CAT","52","52","","","","","",""
"3635291","2019","WI","Wisconsin","Overweight and Obesity (BMI)","BMI Categories","Weight classification by Body Mass Index (BMI) (variable calculated from one or more BRFSS questions)","Underweight (BMI 12.0-18.4)","BRFSS","%","Crude Prevalence","1.8","","","1.2","2.3","63","Overall","Overall","_BMI5CAT","52","52","","","","","",""
"3639496","2019","WY","Wyoming","Overweight and Obesity (BMI)","BMI Categories","Weight classification by Body Mass Index (BMI) (variable calculated from one or more BRFSS questions)","Obese (BMI 30.0 - 99.8)","BRFSS","%","Crude Prevalence","29.7","","","27.7","31.6","1212","Overall","Overall","_BMI5CAT","53","53","","","","","",""
"3639522","2019","WY","Wyoming","Overweight and Obesity (BMI)","BMI Categories","Weight classification by Body Mass Index (BMI) (variable calculated from one or more BRFSS questions)","Overweight (BMI 25.0-29.9)","BRFSS","%","Crude Prevalence","35.5","","","33.5","37.5","1599","Overall","Overall","_BMI5CAT","53","53","","","","","",""
"3639548","2019","WY","Wyoming","Overweight and Obesity (BMI)","BMI Categories","Weight classification by Body Mass Index (BMI) (variable calculated from one or more BRFSS questions)","Normal Weight (BMI 18.5-24.9)","BRFSS","%","Crude Prevalence","33.2","","","31.1","35.3","1424","Overall","Overall","_BMI5CAT","53","53","","","","","",""
"3639574","2019","WY","Wyoming","Overweight and Obesity (BMI)","BMI Categories","Weight classification by Body Mass Index (BMI) (variable calculated from one or more BRFSS questions)","Underweight (BMI 12.0-18.4)","BRFSS","%","Crude Prevalence","1.6","","","1.1","2.2","71","Overall","Overall","_BMI5CAT","53","53","","","","","",""
"3643779","2019","GU","Guam","Overweight and Obesity (BMI)","BMI Categories","Weight classification by Body Mass Index (BMI) (variable calculated from one or more BRFSS questions)","Obese (BMI 30.0 - 99.8)","BRFSS","%","Crude Prevalence","33.6","","","30.4","36.9","695","Overall","Overall","_BMI5CAT","56","56","","","","","",""
"3643805","2019","GU","Guam","Overweight and Obesity (BMI)","BMI Categories","Weight classification by Body Mass Index (BMI) (variable calculated from one or more BRFSS questions)","Overweight (BMI 25.0-29.9)","BRFSS","%","Crude Prevalence","34.1","","","31.1","37.0","826","Overall","Overall","_BMI5CAT","56","56","","","","","",""
"3643831","2019","GU","Guam","Overweight and Obesity (BMI)","BMI Categories","Weight classification by Body Mass Index (BMI) (variable calculated from one or more BRFSS questions)","Normal Weight (BMI 18.5-24.9)","BRFSS","%","Crude Prevalence","29.8","","","26.8","32.7","710","Overall","Overall","_BMI5CAT","56","56","","","","","",""
"3643857","2019","GU","Guam","Overweight and Obesity (BMI)","BMI Categories","Weight classification by Body Mass Index (BMI) (variable calculated from one or more BRFSS questions)","Underweight (BMI 12.0-18.4)","BRFSS","%","Crude Prevalence","2.5","","","1.4","3.7","45","Overall","Overall","_BMI5CAT","56","56","","","","","",""
"3648062","2019","PR","Puerto Rico","Overweight and Obesity (BMI)","BMI Categories","Weight classification by Body Mass Index (BMI) (variable calculated from one or more BRFSS questions)","Obese (BMI 30.0 - 99.8)","BRFSS","%","Crude Prevalence","32.5","","","30.9","34.0","1918","Overall","Overall","_BMI5CAT","60","60","","","","","",""
"3648088","2019","PR","Puerto Rico","Overweight and Obesity (BMI)","BMI Categories","Weight classification by Body Mass Index (BMI) (variable calculated from one or more BRFSS questions)","Overweight (BMI 25.0-29.9)","BRFSS","%","Crude Prevalence","37.3","","","35.7","38.9","2131","Overall","Overall","_BMI5CAT","60","60","","","","","",""
"3648114","2019","PR","Puerto Rico","Overweight and Obesity (BMI)","BMI Categories","Weight classification by Body Mass Index (BMI) (variable calculated from one or more BRFSS questions)","Normal Weight (BMI 18.5-24.9)","BRFSS","%","Crude Prevalence","28.9","","","27.3","30.4","1582","Overall","Overall","_BMI5CAT","60","60","","","","","",""
"3648140","2019","PR","Puerto Rico","Overweight and Obesity (BMI)","BMI Categories","Weight classification by Body Mass Index (BMI) (variable calculated from one or more BRFSS questions)","Underweight (BMI 12.0-18.4)","BRFSS","%","Crude Prevalence","1.4","","","1.0","1.8","85","Overall","Overall","_BMI5CAT","60","60","","","","","",""
"","","","","","","","","","","","","","","","","","","","","","","Datasource","","Behavioral Risk Factor Surveillance System","http://www.cdc.gov/brfss","BRFSS","CDC"
"","","","","","","","","","","","","","","","","","","","","","","MeasureDefinitions","%","Percent","","",""
"","","","","","","","","","","","","","","","","","","","","","","MeasureDefinitions","CI","95% Confidence Interval","","",""
"","","","","","","","","","","","","","","","","","","","","","","MeasureDefinitions","n","“Sample Size”. Translates to the number of adult respondents who answered this question, or were assigned to this category based on question responses for a calculated variable, or the number of states included for a median.","","",""
"","","","","","","","","","","","","","","","","","","","","","","MeasureDefinitions","N/A","Translates to no data available for a record.","","",""
"","","","","","","","","","","","","","","","","","","","","","","MeasureDefinitions","No Data","Translates to no data available for record.","","",""
"","","","","","","","","","","","","","","","","","","","","","","SuggestedCitation","","Centers for Disease Control and Prevention, National Center for Chronic Disease Prevention and Health Promotion, Division of Population Health. BRFSS Prevalence & Trends Data [online]. 2015.","https://www.cdc.gov/brfss/brfssprevalence/","",""
"","","","","","","","","","","","","","","","","","","","","","","RelatedLinks","","Prevalence Data and Data Analysis Tools","/brfss/data_tools.htm","",""
"","","","","","","","","","","","","","","","","","","","","","","RelatedLinks","","Behavioral Risk Factor Surveillance System (BRFSS)","/brfss/index.html","",""
"","","","","","","","","","","","","","","","","","","","","","","RelatedLinks","","Division of Population Health","/nccdphp/dph/index.html","",""
"","","","","","","","","","","","","","","","","","","","","","","RelatedLinks","","Survey Data & Documentation","/brfss/data_documentation/index.htm","",""
